en,jp
YuiOguri,小栗有以
AiriSato,佐藤綺星
NarumiKuranoo,倉野尾成美
AzukiYagi,八木愛月
MizukiYamauchi,山内瑞葵
EriiChiba,千葉恵里
MahoOmori,大盛真歩
MionMukaichi,向井地美音
YuiriMurayama,村山彩希
MiuShitao,下尾みう
YunaAkiyama,秋山由奈
SoraYamazaki,山﨑空
MiyuuMizushima,水島美結
AyamiNagatomo,長友彩海
ManakaTaguchi,田口愛佳
ErikoHashimoto,橋本恵理子
MayuuMasai,正鋳真優
YukiHirata,平田侑希
RemiTokunaga,徳永羚海
HitomiHonda,本田仁美
MomokaOnishi,大西桃香
RinOkabe,岡部麟
ErinaOda,小田えりな
YukiKashiwagi,柏木由紀
ShinobuMogi,茂木忍
NanaOkada,岡田奈々
NanamiAsai,浅井七海
NagisaSakaguchi,坂口渚沙
MeguTaniguchi,谷口めぐ
SeinaHukuoka,福岡聖菜
TomuMuto,武藤十夢
SatoneKubo,久保怜音
YuiYokoyama,横山結衣
ReiNishikawa,西川怜